login,n,name,blog
cgeger,1,Caitlin Eger,NA
cortinah,1,Hernando Cortina,NA
cshancock,1,NA,NA
davidkane9,1,David Kane,www.davidkane.info
drakileshr,1,NA,NA
jakobschumacher,2,Jakob Schumacher,www.jakiva.de
LaurenCCH,1,NA,NA
lindbrook,1,NA,NA
LucyMcGowan,242,Lucy D'Agostino McGowan,https://www.lucymcgowan.com
malcolmbarrett,471,Malcolm Barrett,malco.io
matthewkimber,1,Matthew Kimber,http://www.matthewkimber.com
michaelmoerk,1,NA,NA
MMJansen,1,NA,NA
simonpcouch,1,Simon P. Couch,www.simonpcouch.com
tgerke,77,Travis Gerke,www.travisgerke.com
